{
	"0": {
        "count": 118,
        "words": {
    		"internet": 0.025423728813559324,
    		"question": 0.00847457627118644,
    		"won": 0.0423728813559322,
    		"t": 0.059322033898305086,
    		"connect": 0.0423728813559322,
    		"help": 0.025423728813559324,
    		"work": 0.01694915254237288,
    		"ve": 0.00847457627118644,
    		"tried": 0.01694915254237288,
    		"connecting": 0.00847457627118644,
    		"polysecure": 0.01694915254237288,
    		"wifi": 0.01694915254237288,
    		"problem": 0.00847457627118644,
    		"wi": 0.00847457627118644,
    		"fi": 0.00847457627118644,
    		"life": 0.00847457627118644,
    		"network": 0.01694915254237288,
    		"card": 0.00847457627118644,
    		"changing": 0.00847457627118644,
    		"setting": 0.00847457627118644,
    		"bridge": 0.00847457627118644,
    		"connection": 0.00847457627118644,
    		"broke": 0.00847457627118644,
    		"existential": 0.00847457627118644,
    		"crisi": 0.00847457627118644,
    		"computer": 0.00847457627118644,
    		"intiernet": 0.00847457627118644,
    		"situation": 0.00847457627118644,
    		"m": 0.00847457627118644,
    		"right": 0.00847457627118644,
    		"ughhhhh": 0.00847457627118644,
    		"die": 0.00847457627118644
        }
	},
	"1": {
        "count": 153,
        "words": {
    		"bsod": 0.026143790849673203,
    		"internet": 0.026143790849673203,
    		"won": 0.0196078431372549,
    		"t": 0.032679738562091505,
    		"connect": 0.026143790849673203,
    		"help": 0.026143790849673203,
    		"blue": 0.032679738562091505,
    		"screen": 0.0196078431372549,
    		"death": 0.013071895424836602,
    		"computer": 0.013071895424836602,
    		"went": 0.006535947712418301,
    		"turn": 0.006535947712418301,
    		"just": 0.013071895424836602,
    		"thi": 0.006535947712418301,
    		"say": 0.006535947712418301,
    		"error": 0.006535947712418301,
    		"bad": 0.006535947712418301,
    		"handler": 0.006535947712418301,
    		"issue": 0.006535947712418301,
    		"fix": 0.013071895424836602,
    		"avoid": 0.006535947712418301,
    		"forever": 0.006535947712418301,
    		"finally": 0.006535947712418301,
    		"happened": 0.006535947712418301,
    		"time": 0.006535947712418301,
    		"problem": 0.006535947712418301,
    		"man": 0.006535947712418301,
    		"think": 0.006535947712418301,
    		"thing": 0.006535947712418301,
    		"everybody": 0.013071895424836602,
    		"talking": 0.006535947712418301,
    		"tried": 0.006535947712418301,
    		"looking": 0.006535947712418301,
    		"avail": 0.006535947712418301,
    		"second": 0.006535947712418301,
    		"trying": 0.006535947712418301,
    		"wifi": 0.006535947712418301,
    		"network": 0.006535947712418301,
    		"die": 0.006535947712418301,
    		"turned": 0.006535947712418301,
    		"hurt": 0.006535947712418301,
    		"love": 0.006535947712418301,
    		"attached": 0.006535947712418301,
    		"picture": 0.006535947712418301,
    		"instead": 0.006535947712418301
        }
	},
	"2": {
        "count": 74,
        "words": {
    		"photoshop": 0.04054054054054054,
    		"won": 0.02702702702702703,
    		"t": 0.06756756756756757,
    		"install": 0.05405405405405406,
    		"doing": 0.013513513513513514,
    		"wrong": 0.013513513513513514,
    		"google": 0.02702702702702703,
    		"chrome": 0.08108108108108109,
    		"right": 0.02702702702702703,
    		"mean": 0.013513513513513514,
    		"m": 0.013513513513513514,
    		"stuck": 0.013513513513513514,
    		"internet": 0.013513513513513514,
    		"explorer": 0.013513513513513514,
    		"suck": 0.013513513513513514,
    		"hate": 0.013513513513513514,
    		"troll": 0.013513513513513514,
    		"download": 0.013513513513513514,
    		"work": 0.013513513513513514,
    		"adobe": 0.013513513513513514,
    		"dreamweaver": 0.013513513513513514,
    		"need": 0.013513513513513514,
    		"bit": 0.013513513513513514,
    		"space": 0.013513513513513514,
    		"die": 0.013513513513513514,
    		"heart": 0.013513513513513514
        }
	},
	"3": {
        "count": 68,
        "words": {
    		"driver": 0.08823529411764706,
    		"need": 0.04411764705882353,
    		"assistance": 0.04411764705882353,
    		"won": 0.014705882352941176,
    		"t": 0.029411764705882353,
    		"install": 0.014705882352941176,
    		"error": 0.014705882352941176,
    		"work": 0.014705882352941176,
    		"matter": 0.014705882352941176,
    		"hard": 0.014705882352941176,
    		"m": 0.014705882352941176,
    		"trying": 0.014705882352941176,
    		"printer": 0.014705882352941176,
    		"say": 0.014705882352941176,
    		"missing": 0.014705882352941176,
    		"necessary": 0.014705882352941176,
    		"destroying": 0.014705882352941176,
    		"hate": 0.014705882352941176,
    		"uber": 0.014705882352941176,
    		"help": 0.014705882352941176,
    		"like": 0.014705882352941176,
    		"supposed": 0.014705882352941176
        }
	},
	"4": {
        "count": 314,
        "words": {
    		"phone": 0.03503184713375796,
    		"working": 0.044585987261146494,
    		"way": 0.022292993630573247,
    		"supposed": 0.022292993630573247,
    		"android": 0.0031847133757961785,
    		"stopped": 0.022292993630573247,
    		"t": 0.022292993630573247,
    		"make": 0.022292993630573247,
    		"thi": 0.022292993630573247,
    		"gospel": 0.022292993630573247,
    		"fallen": 0.022292993630573247,
    		"locked": 0.022292993630573247,
    		"away": 0.022292993630573247,
    		"permanent": 0.022292993630573247,
    		"slumber": 0.022292993630573247,
    		"assembling": 0.022292993630573247,
    		"philosophie": 0.022292993630573247,
    		"piece": 0.022292993630573247,
    		"broken": 0.022292993630573247,
    		"memorie": 0.022292993630573247,
    		"apple": 0.0031847133757961785,
    		"iphone": 0.0031847133757961785,
    		"window": 0.0031847133757961785,
    		"blackberry": 0.0031847133757961785,
    		"smartphone": 0.0031847133757961785,
    		"smart": 0.0031847133757961785,
    		"google": 0.0031847133757961785,
    		"pixel": 0.0031847133757961785
        }
	},
	"5": {
        "count": 148,
        "words": {
    		"graphic": 0.02702702702702703,
    		"design": 0.02702702702702703,
    		"tip": 0.006756756756756757,
    		"photoshop": 0.013513513513513514,
    		"gimp": 0.013513513513513514,
    		"hard": 0.006756756756756757,
    		"wa": 0.006756756756756757,
    		"told": 0.006756756756756757,
    		"guy": 0.006756756756756757,
    		"help": 0.006756756756756757,
    		"won": 0.013513513513513514,
    		"t": 0.013513513513513514,
    		"open": 0.013513513513513514,
    		"computer": 0.006756756756756757,
    		"thi": 0.013513513513513514,
    		"actually": 0.006756756756756757,
    		"bsod": 0.006756756756756757,
    		"problem": 0.006756756756756757,
    		"incorrect": 0.006756756756756757,
    		"operation": 0.006756756756756757,
    		"gotta": 0.006756756756756757,
    		"fast": 0.006756756756756757,
    		"m": 0.02027027027027027,
    		"paint": 0.006756756756756757,
    		"work": 0.006756756756756757,
    		"crashe": 0.006756756756756757,
    		"submit": 0.006756756756756757,
    		"mspaint": 0.006756756756756757,
    		"awesome": 0.006756756756756757,
    		"opinion": 0.006756756756756757,
    		"preference": 0.006756756756756757,
    		"thing": 0.006756756756756757,
    		"need": 0.006756756756756757,
    		"bit": 0.006756756756756757,
    		"time": 0.006756756756756757,
    		"ll": 0.013513513513513514,
    		"walk": 0.006756756756756757,
    		"road": 0.006756756756756757,
    		"storm": 0.006756756756756757,
    		"cold": 0.006756756756756757,
    		"warm": 0.006756756756756757,
    		"let": 0.006756756756756757,
    		"like": 0.006756756756756757,
    		"trying": 0.013513513513513514,
    		"say": 0.006756756756756757,
    		"click": 0.006756756756756757,
    		"clack": 0.006756756756756757,
    		"pow": 0.006756756756756757,
    		"write": 0.006756756756756757,
    		"program": 0.006756756756756757,
    		"font": 0.006756756756756757,
    		"use": 0.006756756756756757,